Dupont,Jean,45
Martin,Sophie,32
Dubois,Pierre,55
Leroy,Marie,28
Rousseau,Luc,62
Bernard,Amélie,41
Petit,Nicolas,37
Moreau,Isabelle,53
Garcia,Thomas,29
Fontaine,Céline,48
Girard,Julien,35
Roux,Emilie,40
Muller,David,51
Laurent,Clara,33
Simon,Alexandre,46
Dubois,Laura,27
Lefebvre,Mathieu,39
Morel,Camille,44
Nicolas,Victor,36
Lambert,Anaïs,31
Martinez,Sébastien,54
Dupuy,Emma,26
Sanchez,Paul,47
Richard,Julie,42
Roussel,Marc,58
Weber,Alice,30
Michel,Antoine,49
Lecomte,Chloé,34
Marchand,Julien,43
Dupont,Marine,38
Barbier,Hugo,25
Klein,Eva,52
Henry,Nathan,37
Chevalier,Lisa,41
Colin,Théo,29
Menard,Julia,45
Robin,Lucas,33
Perrin,Manon,50
Clement,Gabriel,36
Leroux,Lou,27
Bonnet,Mathilde,44
Bertrand,Maxime,39
Legrand,Léa,32
Mercier,Adam,46
Brun,Nina,35
Garcia,Enzo,28
Philippe,Jade,51
Boyer,Raphaël,40
Guerin,Zoé,37
Roche,Arthur,33
Andre,Sarah,48
Fournier,Noah,26
Morin,Emma,42
Gauthier,Louis,54
Lopez,Chloé,31
Thomas,Victor,45
Dumont,Lina,38
Robert,Gabriel,49
Giraud,Alice,34
Blanchard,Lucas,41
Gomez,Manon,29
Durand,Hugo,52
Lefevre,Léo,36
Martin,Inès,43
Berthelot,Noé,30
Rousseau,Clara,47
Gaillard,Mathis,35
Perrot,Eva,39
Masson,Axel,44
Dufour,Nina,32
Clement,Emma,50
Blanc,Tom,27
Royer,Julia,46
Vincent,Chloé,37
Nguyen,Gabriel,33
Muller,Jade,51
Dupuis,Léa,28
Vasseur,Enzo,42
Martinez,Lou,40
Legros,Zara,36
Henry,Louis,48
Guyot,Anaïs,31
Francois,Raphaël,45
Roussel,Sarah,34
Lefranc,Mathieu,52
Fabre,Noé,39
Mercier,Clara,43
Prevost,Hugo,26
Marechal,Emma,47
Boulanger,Théo,35
Lacroix,Nina,41
Poulain,Lina,30
Berger,Gabriel,49
Meunier,Alice,38
Dupraz,Lucas,44
Boucher,Manon,32
Rousseau,Adam,53
Simon,Eva,37
Moreau,Léa,42
Michel,Nathan,29
Barbier,Julia,46
Andre,Victor,33
Martinez,Jade,50
Richard,Hugo,36
Leroy,Clara,39
Petit,Enzo,27
Girard,Lou,45
Thomas,Chloé,41
David,Gabriel,34
Martin,Inès,48
Nguyen,Emma,31
Dubois,Mathis,52
Clement,Nina,37
Bonnet,Léo,43
Lefevre,Sarah,40
Morin,Noah,35
Guerin,Alice,49
Boyer,Lucas,32
Garcia,Manon,46
Roux,Victor,28
Weber,Jade,51
Marchand,Emma,33
Laurent,Théo,38
Durand,Chloé,44
Colin,Gabriel,30
Henry,Léa,47
Perrin,Hugo,36
Robin,Nina,41
Roussel,Lina,26
Menard,Adam,53
Legrand,Eva,39
Philippe,Noé,45
Bertrand,Julia,34
Chevalier,Enzo,48
Blanc,Clara,31
Vincent,Louis,42
Morel,Mathieu,37
Dupont,Sarah,50
Simon,Gabriel,29
Giraud,Manon,46
Sanchez,Jade,35
Martinez,Hugo,40
Michel,Chloé,33
Robert,Léa,51
Dupuy,Nina,27
Mercier,Victor,44
Thomas,Emma,38
Gaillard,Noah,43
Roche,Axel,32
Blanchard,Lou,47
Lecomte,Gabriel,36
Rousseau,Alice,41
Petit,Inès,30
Moreau,Lucas,49
Lefebvre,Théo,34
Weber,Clara,52
Andre,Enzo,39
Brun,Julia,45
Clement,Sarah,28
Guyot,Noé,53
Masson,Léa,37
Dumont,Hugo,42
Richard,Nina,33
Martinez,Gabriel,48
Francois,Emma,31
Dupuis,Victor,46
Guerin,Jade,35
Royer,Manon,40
Henry,Chloé,44
Blanc,Louis,29
Roussel,Adam,51
Mercier,Léa,36
Lacroix,Noah,41
Meunier,Clara,32
Bonnet,Gabriel,47
Berger,Inès,38
Simon,Théo,43
Barbier,Eva,26
Martin,Hugo,50
Dupraz,Nina,34
Michel,Enzo,39
Leclercq,Julia,45
Laurent,Victor,33
Leroy,Sarah,48
Morin,Gabriel,37
Rousseau,Chloé,42
Petit,Lou,30
Fabre,Emma,52
Boyer,Léa,35
Marchand,Noé,41
Gaillard,Nina,28
Vincent,Lucas,46
Chevalier,Adam,31
Richard,Clara,49
Clement,Hugo,36
Nguyen,Jade,44
Durand,Mathis,40
Thomas,Gabriel,33
Weber,Manon,51
Martinez,Victor,38
Roux,Inès,27
Lefebvre,Théo,45
Dupont,Emma,32
Simon,Noah,47
Girard,Alice,39
Blanc,Léa,43
Moreau,Enzo,34
Henry,Sarah,50
Mercier,Nina,36
Roussel,Louis,41
Petit,Clara,29
Masson,Gabriel,52
Boulanger,Hugo,37
Andre,Julia,44
Michel,Victor,31
Dupuy,Chloé,48
Roche,Léa,35
Guerin,Noé,42
Martinez,Emma,30
Laurent,Axel,53
Clement,Inès,39
Blanc,Lucas,46
Vincent,Nina,33
Leroy,Gabriel,49
Rousseau,Manon,37
Thomas,Adam,41
Giraud,Hugo,28
Sanchez,Clara,51
Dupont,Victor,36
Morel,Théo,45
Legrand,Nina,32
Mercier,Chloé,38
Brun,Léa,43
Richard,Noah,34
Weber,Enzo,50
Martin,Julia,29
Dubois,Sarah,47
Petit,Gabriel,35
Philippe,Louis,41
Bonnet,Emma,33
Roux,Hugo,52
Nguyen,Clara,37
Michel,Manon,44
Gaillard,Victor,31
Simon,Nina,49
